Komentar,komen_Eng
wahahahahahahahahah,wahahahahahahahaha
nyabu om candu sudah,I'm already addicted to opium
nyabu ini anak,rape this child
liat cara bicara cok cerdas lho,Look how smart you talk
buah mimpi ketemu sama bang cok,dream of meeting bro
,in
kaya awal nonton tv konten di monopoli siar terus ketemu youtube kamu search jenis konten kamu mau alhasil bisa lihat generasi kenal tiktok sekarang quotkecanduanquot 4 6 jam hari lihat kondisi mental tahan terima realita yang suka banding banding generasi ayah ibu,"It's like watching TV content at the broadcast monopoly, then you find YouTube, you search for the type of content you want and the results can be seen by the current generation of people who know TikTok, ""addiction"" 4 6 hours a day, watching the mental condition of being able to accept reality, which likes to appeal to the generation of fathers and mothers"
ini prestasi salah satu komika indonesia lebih gk tuh prestasi yang lucu komedian asli macam komengindariosuleandariejarwo kwat,"Is this the achievement of one of Indonesia's comedians, or is it a funny achievement by a real comedian like Komengindariosuleandariejarwo Kwat"
tinggi si cok,tinggi si cok
ntidaku ga agama berani cok masa ntidaku lgbt mas berani,"I'm not brave enough to not be religious, but I'm not brave enough to not be LGBT"
sober apa,sober what
waras,sane
cok pernah jadi chief waktu rehap,Kok was once the chief during rehab
moga selalu lindung tuhan yesus sang kristus sang masehi sang rohullah sang illahinnaas sang malikinas sang imammahdi sang sirotolmustakim sang malikiyaumiddin milik hari balas,May you always protect the Lord Jesus the Christ the Christian the Rohullah the illahinnaas the malikinas the imammahdi the sirotolmustakim the malikiyaumiddin belong to the day of reply
yesus kristus allahkata yesus mereka aku kata kepada sungguh aaham jadi aku ada injil yohanes 858x000djawab yesus aku bangkit hidup barangsiapa percaya kepada akan hidup walaupun sudah mati injil yohanes 1125kata yesus kepada aku jalan benar hidup ada orang yang datang bapa kalau lalu aku sekira kenal aku kenal bapa sekarang kamu kenal dan kamu telah lihat injil yohanes 1467,jesus christ god said jesus they said to me really aaham so i have the gospel of yohanes 858x000d answer jesus i rose to life anyone who believes in will live even after death yohanes gospel 1125 jesus said to me the true way of life there are people who come father if i know i know the father now you know and you have seen the Gospel of John 1467
janji lama yesaya 95x000dsebab orang anak lahir kita orang putera beri kita lambang perintah di atas bahu nama sebut orang nasihat ajaib allah perkasa bapa kekal raja damaix000dfor to us a child is born to us a son is given and the government will be on his shoulders and he will be called wonderful counselor mighty god everlasting father prince of peace,yesaya's old promise 95x000dfor to us a child is born to us a son is given and the government will be on his shoulders and he will be called wonderful counselor mighty god everlasting father prince of peace
manusia terlalu fokussibuk pus diri masing masing lupa tanpa sadar cinta sekitar dan barangkali dibutuhkann ajal buat sentak,"Humans are too focused, busy pushing themselves, forgetting without realizing their love for those around them, and maybe it takes death to make them jolt"
,in
gw ngtidak suka si botak selalu ngtidak mau kalah bicara padahal wawas dya ada apa2,Girls don't like bald guys who always don't want to lose their conversation even though they don't know what's going on
kok tumbinal lu hd om,"how come your hd is tumbinal, uncle"
salam suntik bokong,Greetings butt injections
kan munafik,it's hypocritical
the host reminds me of chad squidward,the host reminds me of chad squidward
the son of sat berat bapak cok sat,"the son of sat is heavy, sir, cok sat"
ntidakak aja smpe skrg,I didn't mind until now
ketawa ntidakak om ded,laugh ntidaak om ded
mantul om,man mantle
cok jatuh kek anut stoikisme gitu mantap sih,It's really cool to fall into stoicism
fix jawabanya match sama ammar pasti orang g make narkoba g dipastiin,"fix the answer matches Ammar's, the person doesn't use drugs, it's not certain"
gw nonton kali kali anjir,I've watched it several times
seru aja liat cok,don't worry about it
sekian kali gue nyimak nih podcast,sekian kali gue nyimak nih podcast
yang anggap sampah bangsattapi omong masuk akal,who think it's trash but makes sense
like,like
moga baik bg cok,I hope you're good bro
potkes luma maya beda jelas cok dariaks bukan cuma enak,"Luna Maya's podcast is clearly different, Darius, not just delicious"
candu hambar hidup ga asik seperti di make itu gatau kapan akhir,"Life image addiction is not as fun as being forced, it doesn't know when it will end"
sedang kenang bang cok ngool podcastnya om deddy,I'm remembering Uncle Deddy's podcast
juga uang,also money
,in
cok ni emang manusia bangsattt punya masalah di buat lawak ketwanya nular bangatttt,It's true that human beings have a problem with making funny jokes that are contagious
alahh pret,ahhh pret
emang anji pernah penjara,Anji has been in prison
gw suka si cok ni gila natural,"I like this guy, he's crazy natural"
kalian bingung mw pilih mana,You are confused which one to choose
,in
gw baru nntn gw cma bs bilang you fuc lucky jungkie cok produk rehab untung jgn diresapidicerna pikir nnti kalian tersesatterutama ttg substance itu bahaya bgt dgn level,"I just watched it, I can only say you fuc lucky jungkie, rehab products are profitable, don't take it, think about it, you'll get lost, especially regarding the substance, it's very dangerous at the level"
quoti took too much ecstasaya in my 20s so nothing makes me happy anymorequot peter griffin,quoti took too much ecstasy in my 20s so nothing makes me happy anymore quote peter griffin
7 jt viewer memang tidak close the door sudah jadi open the door,"7 million viewers don't close the door, they just open the door"
emang anak setan om ded,"I'm indeed the devil's child, uncle"
bnr y kt orghanya org jenius bs jd komedian kualitas cerdas scra iq tp mgkin tdk dlm eq sq,It's true that only geniuses can be comedians with intelligent qualities based on IQ but maybe not in EQQ
pesan moral buka pintu referensi,moral message opens the door to reference
point penting,point penting
tuju banget salah cobaanteguran konsekuensi,really aim at wrong trialsreprimand consequences
gua masuk senang makan babi di tangkap,I'm happy to eat caught pork
maksud pakai narkoba pilih narkoba di konsumsi alas enak gimana om gua ngtidak ngerti cerah,"What does it mean to use drugs, choose drugs that are good for consumption? Om, I don't understand"
at the end its choicepilihan orang make narkoba paham dong barang ilegalyang mana bakal buntut soal hukumjadi kalau lo milih make lo milih siap sama konsekuensi alias jerat hukumchaks,"at the end it's a choice, people choose to use drugs, understand which illegal goods will result in legal issues, so if you choose to use, you choose to be ready for the consequences, aka legal snares."
kau nonton2 lah wkwkwkwkwk,you just watch it hahaha
suka jawab si agnostik di banding bang anji,I like to answer the agnostic compared to Bang Anji
anji bilang gamau tau cepu ngedoain cepu dpt karma kalo cok tau cepu tapi gamau salahin cepu krna tau salah sendiri make,"Anji said that I don't know cepu, I pray for cepu to get karma if I know cepu, but I blame cepu because I know I made a mistake myself."
banyak ngomong tidak guna orang munafiq ireng elek kakean model,"Talking a lot is not useful for hypocritical people, Ireng is an elegant model"
omong ga masuk otak lu krna lu liat bego mending lu nnton sinetron ikat cinta aja ccok buat lu,"I mean, it doesn't enter your brain because you look stupid, it's okay if you watch love soap operas, it's fine for you"
bang dong kisah pensiun bank bni angkat sini soal pernah angkat podcast knalpot bagai cara mental tlng dong bang kasihan ayah dan temantemannya mana hak hak pensiun rampas bank bni video klarifikasi di youtube dgn judul bang bni bank revolusi rampas hak hak pensunannya,"bro, bro, the story of BNI Bank's retirement, bring it up here, the question of having raised the exhaust podcast is like a mental method, please, bro, I feel sorry for my father and his friends, where are BNI Bank's pension rights seized, clarification video on YouTube with the title Bang BNI, Revolutionary Bank, Seizes Their Pension Rights."
,in
chuaakkssss,chuaakkssss
jjur sayaa udh mungkin nnton 100x,"To be honest, I've probably watched it 100 times"
produserin film cok rehabilitasi pasti bombastis banget trust me,"Producing a film about rehabilitation will be really bombastic, trust me"
atidak mirip pmo,I don't look like PMO
baru ajj pemakekkurang masuk 3x,Only 3x fewer users have logged in
paling kesel liat si coky pardede inisok paten kau,I'm most annoyed to see that Coki Pardede is pretending to be patent
jgn liat blokk,Don't look at the block
pornografi cowok anjing hahhahahahahhaha,dog boy porn hahahahahahahahaha
manusia fitrah makhluk religius cipta untukx000dbertuhan agama sekalipun banyak agamaagama cipta sendiri x000doleh manusia lalu observasi ikut agama nenek moyang x000dperlu digarisbawahi manusia mentidakui lemah makhluk x000dyang sempurna butuh dzat maha besar maha tinggi maha x000dmulia maha segala bahagia hakiki sosok x000dtertinggi bahasa agama sebut denga tuhanpara filosof awal bicara soal tuhan plato 427x000d347 smx000d5x000dyang kata alam semesta kuasi tuhan x000dberbeda plato usul dua tuhan beda sebut tuhan x000dniscaya baik tuhan satu cipta tuhan x000dbentuk dua bahasa yunani sebut kontijensi demiurgex000daristoteles murid plato kata hakikat x000ddialah gerak gerak dia wajibul wujud pasti x000dada tuhan adapun tampak panca indaria hanya x000dmukminul wujudx000dtidak dapat nafi ada bagi kelompok x000dmengingkari ada tuhan salah satu nietzsche orang x000dfilsuf jerman pada abad ke19 kata gagas mati x000dtuhan ketidakpercayaannya tuhan kuat gagas x000dmengugsung paham atheisme optimisme8x000dmenurut nietzsche manusia mentidakui ada tuhan rena tingkat ilmu x000ddan teknologi rendah manakala capai ilmu tahu x000dteknologi tinggi niscaya percaya tuhan perlu lagix000dmenurutnya berkat maju ilmu teknologi mampu mengatsi bagai x000dmacam soal hidup manusia sosok tuhan x000djelaskan agama fungsi ganti maju x000dilmu teknologi 9x000dpersepi nietzshe bukti sempurna bahkan x000dsemakin kembang maju teknologi bagai macam mucul problem x000dkehidupan saat banyak bencana sakit x000ddijangkau teknologi tunjuk betapa lemah teknologi x000dpadahal buya hamka sungguh makin x000dberkembangnya ilmu pengatahuan hasil teliti lidi manusia pada hakikat bukan tambah jauh tuhan x000dmenambah buka pintu gerbang iman nyata lihat kembang puja x000dghaib pengaruh ada hidup masa apabila hidup maju x000ddan pindah pindah zaman cocok tanam mulai asa tali x000derat antara langit bumi bur tumbuhtumbuhan kait x000ddengan hujan langit timbul anggap langit letak maha kuasa x000ditu12x000doleh timbul prasangka matahari pusat kuasa x000dkarena tukar antara siang malam bola merah edar x000dadalah mata gilir antara siang malam dia tuhan x000dsini mulai timbul kembang cara pikir manusia manusia mulai x000dmengambarkan satu ini pangkal sembah matahari bagai macam persepsi timbul pikir kata matahari x000dpusat kuasa itu karena siang malam putar matahari x000dselanjutnya manusia mulai perhati bulan pengaruh x000dkepada tanamtanaman binatang ternak pengaruh pasang naik surut laut x000dbertambahla percaya bahwasanya pusat kuasa itu hanya esa juga x000dbuya hamka beri ide capai tuhan harus x000dpertuhankan bersih jiwa manusia pengaruh fitrah x000dmanusia rasa ada maha kuasa manusia tahu jalan x000dselama manusia sembah takut pandang x000dberpengaruh puja roh dari nenek moyang seseoarang besar x000djasanya lalu manusia buat patung berhala tangan sendiri x000dlalu sembah datang kepalakepala agama pendeta dukun kata x000dmereka mereka yang sanggup kuasa hubung maha kuasa x000dsehingga percaya fitrah yang suci telah kotor sama manusia13x000dwujud ada allah tuhan yang esa bukan perkara sulit yang x000dharus cari jalan berbelitbelit meski awal belum tahu x000dtentang siapa nama pikir ada allah tiap zaman saja x000dkacau karena belum ada tuntun kerap kali allah satu x000dyang lain satu allah bagi beberapa bagi kecil x000dterpecah belah pada hakikat manusia yakin tuhan yang esa x000dwalaupun pikir belum bisa tangkap batin rasa x000dadanya tuhanx000dariealitas tuhan rupa masalah penting krusial perlu x000dmendapatkan jas teologis realitas benar tuhan apa x000dyang akan kita sebut sumber cipta emanator tidak x000dkebingungan atau rancu paham teologis ini cenderung mentidakibatkan x000dkesalahpahaman pikir manusia situasi eksistensial realitas tuhan x000ddalam sejarah pikir lihat persoalanpoersoalan x000dtuhan tidak sama tempat di zaman,"human nature is a religious creature created to x000d believe in religion, even though there are many religions, religions are created by themselves x000d by humans then observe following the religion of their ancestors x000d it needs to be underlined that humans accept weakness x000d perfect creatures need a substance that is the greatest, the highest, the supreme x000d noble, the ultimate happiness, the supreme x000d figure, the language of religion calls it God, the early philosophers spoke About God Plato 427x000d347 SMX000d5 looks panca indaria only x000dmukminul existence definitely believe in God it's necessary again the more x000dthe development of science, the results of human research on the essence, not the further away from God, x000dincreasing the opening of the gate of real faith, seeing the flowers of worship x000dghaib, the influence of life, the times when life progresses, x000dand moves to different eras, cultivation begins with hope, the rope x000is tight between the heavens and the earth, plants grow, x000dwith the rain of the sky arose to think that the sky is the all-powerful position x000dThe center of power is because day and night the sun rotates x000dThen humans began to pay attention to the moon, x000d's influence on plants, livestock, influence of sea tides, x000dIncreased belief that there is only one center of power, x000dBuya Hamka gave an idea, God must x000dmaintain clean human souls, influence of nature, x000dHumans feel that there is almighty humans know the way God is the one God, it's not a difficult matter that x000d has to look for a convoluted way even though at first you don't know x000dabout what the name is, think there is a god every age, x000dchaos because there is no guidance, often one god Esa x000dGod's problems are not in the same place in time"
komen panjang panjang tidak yang like,Long comments are not liked
salin mah,copy me
ntidakak ahahaha,no way hahaha
emang ancrit ni orang akwowkwowk,"I really am an ancrit, akwowkwowk"
sky boy,sky boy
cok sama rg dong,"it's good for me, bro"
cok kulit merah banget kaya babi guling bal,really red skin like suckling pig
hhhh,hhhh
habib ja far hei umat urus nih,habib ja far hey people take care of this
mohon maafsebelum paman cok baik d penjara aja cuaksss ada lah orang pemuda sesat sampai at juga sesat sattttttt,"I'm sorry, before uncle Coki is fine, just go to prison, cuaksss, there are young people who are misguided and even misguided."
mantepan pake celana panjang dah si paman hehe,Uncle is wearing long pants hehe
pisosiet apa om ded,what pisosiet uncle ded?
public speakingnyaemotional intelligencenyabagus nih orang asli ken liat cok ngool ama rg,"His public speaking, emotional intelligence, is really good, real people can see how cool he is with RG"
anjir keren ken,"Cool guy, Ken"
rg rigen kan,rg the kingdom can
apas lu gajelas,are you not clear?
hehehehe,hehehehe
p byr ny minta rehab tangkap,p paid to ask for rehab and arrest
btw cok minum mulu,"BTW, why don't you just drink?"
seret,drag
makin item ae ni cok,makin item ae ni cok
guna narkoba kok kasih panggung om ded tidak orang laen punya kualitas masuk podcast gin sihhh om dedyy yang nyarik makannnn ampe guna narkoba undang di kasih panggung,"Why don't you give me the stage for using drugs, Uncle Ded, doesn't anyone else have the quality to enter the podcast, bro, Uncle Dedyy, the one who eats so much for using drugs, invites you to give me the stage"
nyari makan pikir dulu dek lo omong lo bahkan gaada harga depan deddy,"Looking for something to eat, think about it first, what are you talking about? There's not even a price in front of you, Deddy"
kapan cok bahas teknologi asa bahas agama mulu kata jgn bahas agama eh malah yang bahas mulu mungkin efek sabu masukin b00l kali,"When does Coki discuss technology, please discuss religion first, don't discuss religion, but instead, the one who discusses it first, maybe the effects of crystal methamphetamine include b00l."
ga pp sih gabung sm odgj cucok cucok aja,It's okay to just join ODGJ Cucok Cucok
bener banget yang gw rasain cok bukan sakau macam rindu,It's really true that I feel like I miss you
somasi cok pardede om ded,Somasi cok pardede uncle ded
wah ngeri ni om ded buka kartu nonton pornografi cowo dong kata akwkwkwk,"Wow, this is horrible, OM DED, open the card to watch pornography, the guy said akwkwkwk"
wkwk ntidakak honesty banget gua yakin bang cok lu gabakal releps lg masa pernah alami karna pikir genius jadi clean and sober,"I don't want to be honest, I'm sure bro, you're going to relapse when you've experienced it because you think you're a genius, so you're clean and sober."
kenapa melet melet gitu,why is it so slow?
,in
betul,right
musti undang orang si memang podcast sudah ada bintang tamu lebih manfaat semua orang,"You have to invite people, because the podcast already has guest stars, which is more beneficial for everyone"
666 angka special buat kaum fremason dajjal,666 special number for antichrist freemasons
plus tato lambang satanic,plus satanic symbol tattoos
bisa senyum senyum,can smile smile
fokus cok muterin kemas minum agar lihat camera merek,Focus on turning around and drinking so you can see the brand's camera
bang cok kok mirip sama baron zimo film falcon and winter soldier,"Bro, it's similar to Baron Zemo from the film Falcon and Winter Soldier"
jauh fak,far away
mahuang tumbuh tumbuh china punya zat nama ephedaria ephedaria senyawa sama ephedariin truss ephedariin adalah bahan baku obat trigger jantung cocok buat bahan supplement gym efek buat jantung kerja extra masuk meth meth bahan baku sisik tringgiling dulu di olah pake cara tentu distilasi menghasilka ephedariin sisik trenggiling susah masuk daftar hewan ancam punah pakai mahuang karena juga hasil ehpedariin kualitas baik ephedariin sisik trenggiling mangkanya meth sekarang gk bagus meth dulu wkwkwkwk,"mahuang grows, grows in China, has a substance called ephedaria, ephedaria, the same compound as ephedariin, so ephedariin is the raw material for heart trigger medicine, suitable for gym supplements, effects on the heart, extra work to enter meth, the raw material for pangolin scales is first processed using a certain method, distillation produces ephedariin, pangolin scales are difficult to enter. The list of endangered animals uses mahuang because it also produces good quality ephedariin from pangolin scales, the meth now isn't as good as the meth before hahaha"
bahaya orang buat generasi terus negara percaya,the danger of people making the next generation of the country believe
hahaa jgn dipeduliin lah abai,hahaa don't care just ignore it
rindu cp,miss cp
mungkin orang podcast somasi pinggir jurang om deddy ketangkep cuma selang hari waktu tidak mencuritidakan korban,"Maybe people from the subpoena podcast on the edge of the cliff, Uncle Deddy, were caught only after a day when they didn't steal the victim"
beberapa tuju ada beberapa juga yang turut tanya simpang,some directions there are also some who also ask the junction
mata melotot gitu tinggi bos msih aja ente,"Your eyes are bulging so high, boss, it's still you"
ga nyesel gua udh unsubscribe,I don't regret unsubscribing
ga duli,Gaduli
tanya buat cok siram to the point sogok berapa biar dapat rehabilitasi soal umum bukan rehabilitasi di lapas,"ask for cok flush to the point how much is the bribe to get rehabilitation for general matters, not rehabilitation in prison"
bodoh uud ad make rehabkorban,"I'm stupid, so there's rehab for the victim"
bilang cok ni memang masuk logika orgnya lenge,saying that this really fits the logic of the people
baru banget bebas nih,I'm so free now
aduuuh sampah masayaarkat ngapain kasih panggung habis sumber ded,"Oh, what are you doing with the rubbish of society, giving the stage, you've run out of resources, ded"
gapapa sampah masayaarakat penting tiket show jual 7500 chuaks,"Never mind the rubbish of society, it's important that show tickets sell for 7500 cuaks"
chuaksss,chuaksss
how can people hate cok hes so open and honest with everything humble a bit funny has a good thinking and mindset cant ever get enough of this guy,how can people hate cok hes so open and honest with everything humble a bit funny has a good thinking and mindset cant ever get enough of this guy
orang tua baperan ga demen ama ni orang,old people are not demented
padahal pikir logis bgt,even though I think it's very logical
they hate cok just bcs of his belief in god,they hate cok just bcs of his belief in god
cuma ga honest kalo g4y,just not honest if g4y
nonton pornografi cowo rasa yaa,I think watching male pornography
nonton mma,watch mma
hahaa logika nyabu lewat doblo nonton mma gimana,"haha, what's the logic of cheating by watching MMA?"
pornografi cowok mma,mma boy porn
slogan smart people orang pinterorang pinter gk konsumsi narkoba pamer t t astaghfirullah ganti slogan,slogan smart people smart people smart people don't take drugs show off t t t astaghfirullah change the slogan
pasti enak,definitely good
deddy corbuzier tahu tidak libat kait narkoba cok paredekenapa narkoba sendiri persayaaratan pakai legal via psikiater itu periode batas kalau salah satu podcast bang deddy benar make sesuai ijin psikiater jenis xanax atas ganggu tidur ps sabusabu atas ganggu adhd cok pardede yakin komedi omong punya resiko masuk ranah hukum sisi gelap milik komedian benar juga mikir resiko,"Deddy Corbuzier knows that he is not involved in drugs bro, why is it that drugs are used legally via a psychiatrist? There is a limit period if one of the podcasts, brother Deddy, is using it according to the psychiatrist's permission, like Xanax for sleep disorders, PS, Sabusabu for ADHD disorders, Pardede is sure comedy talk has a risk of going into the law. the dark side of true comedians also thinks of risk"
bicara kaya orang ngelem,talking like a lazy person
undang dong bareng tretan,Invite me along with you
cok pardede dibanggain karna itu wtf lah sukses cok oke lah gw cuma oke aja gw rakyat gembek gapunya apaquot komen bgini bukan sirik shit apa yaudh lah smua nilai,cok pardede is proud because it's successful wtf cok it's okay I'm just okay I'm a lazy people what's wrong with this comment it's not envy shit what's up all the value
haaah sama wkwkwkw kampret cok,"hahaha and hahaha, it's crazy"
stop making stupid people famous,stop making stupid people famous
kapan cok pardede ciduk polisi om ded soal seru liat adegan tau bang,"When will Coki Pardede be arrested by the police, Uncle Ded, it's a fun scene to see, bro"
anglenyaaa,English
mma,mma
nambah wawas,increase balance
youtubenya mli kok hilang dihack,Mli's YouTube has disappeared since it was hacked
geeeeeehhhh,geeeeeehhhh
org kristen memang banyak make narkoba jadi gay,Many Christians use drugs to be gay
maksud nih kok org kristen,I mean Christian people
seru tuh klo ikut somasi,It's fun to join the summons
tunggu komedi lubang bokong cok,wait for the butt hole comedy bro
om dedi dong bikin rsko bener2 buat pakai henti keren om kalau,om dedi dong make rsko really make use stop cool om if
baju loh 666 wwkwkkwkk,666 logo shirt hahaha
cok gede bacot,long gone bacot
jelas mantep ni cok,It's clear that it's great
selalu pesona dengar cara gaya bicara cok sisi positif harus tiru dari,"Always be charming with your way of speaking, the positive side is something you should emulate"
yang ketawa ga sih,Who laughs?
cie udah narkoba gay masih aja gatau malu tampil publik hahahahhaha,"cie, already on drugs, gay, still not embarrassed to appear in public hahahahhaha"
wah mah kaya nonton eaking bad deddy mrwhite copar jesse pinkman wkwkwkwk,"Wow, it's like watching Breaking Bad Daddy, Mr White Collar, Jesse Pinkman, hahaha"
mma cuaaakkss,mma cuaaakkss
mah ytta kan om ded wkwk,mah ytta right uncle ded hahaha
paham pikir om ded sekarangdan juga analis kata om cok cuakssss,I understand Uncle Ded's thoughts now and also the analyst says Uncle Cok is cuaksss
kangen kali aku tawa inj,I miss the times I laughed
gua akhir sadar banyak ketawa bukan arti orang bahagia,I finally realized that laughing a lot doesn't mean someone is happy
ngeles aje akuin aja sih kalo lo lgbt ga berani takut fens lo pergi krn jijik najis aman lindung balik kata quotatheistquot krn lu ga dpt jawab agama mana bolehin lgbt makanya lu lagu lagu atheist najisayaang liat karya lu kok stop lah dariama dariama ga percaya tuhan cuma buat nutupin kalo lu suka lobang tai laki laki najisss tp lu tetep kocak haha komedi lu nilai men bukan orientasi sex elu,"I'm sorry to admit that if you're lgbt you don't dare to be afraid of the fens, you go because you're disgusted with the filth, protect yourself from saying quotatheistquot, because you can't answer which religion is allowed to be lgbt, that's why you sing atheist songs, you're filthy, I look at your work, why do you stop, you stay silent, you don't believe in God? cover it up if you like dirty man's toilet holes but you're still funny haha ​​comedy you value men not your sex orientation"
karna lgbt lbih laknat daripd narkoboy,because lgbt is more cursed than narcoboy
lord,lord
bahasa suka enak paham,the language is easy to understand
cok meditasi cok loe dapat lebih enak loe pakai obat larang,How come meditation makes you feel better when you use illegal drugs
sini sadar orang sering tertawa bukan arti hidup bahagia dia usaha tutup sedih ny sepi ny pilih jalan senang instan tak peduli apa resiko,"Here, we realize that people often laugh, which doesn't mean a happy life, they try to close their lives, they are sad and lonely, they choose the path of instant happiness, no matter what the risks are"
ajg nyata cok cuma butuh kebahagiaaan,I really just need happiness
pas tanya karna rsko trus jawab bukanbenarbenar ntidakak momen,"When I asked because of the risk, then I answered that it wasn't really a bad moment"
nih orang gila balik tai,This crazy person is back
bebas cepu,cepu free
orang adab bungkus kata kata akan didik,Civilized people pack words to educate
keluar penjara mabok ngga habis pikir sih cuma gua lihat cok tuh kaya ga kapok statment tuh gua nangkepnya jurus narkoba nih orang ga cocok jadi publik figure banyak negatif diri cok soal agama meski gua bukan manusia baik sempurna just publik figur kaya bgga cocok coba lihat nantimudah mudhaan jadi 2x,"When I got out of jail drunk, I didn't think about it, I just saw how rich it is, it's not good for the statement, I caught it with drugs, people don't fit to be a public figure, there's a lot of negativity about religion, even though I'm not a perfect person, just a rich public figure, I'm not suitable, try to see later, hope it's easy so 2x"
udh nton tretansama emak aja tak tralu anggap,"I've watched my mother's show, I don't even think about it"
hadehh sesat,I'm lost
pisoksiet arti,piscosiet arti
cok ur best,cok ur best
cara ngomong sampai cok awal akhir podcast jawab kenapa muslim jauh dan pilih sangat tepat,How to talk until the beginning of the end of the podcast answers why Muslims are far away and chooses very correctly
gimmick mainin isu sara ujung2nya pake waris generasi boomers 70an kaum hippies klaim bawa pesan damai ngefly budak hendak bebas lepas kontrol padahal depresi dg pemerintahanya sendiri dlm kondisi machievalic jalan amanat darwinkalo iya mau bahas toleransi rasionalitas meski dlm joke harus ga asal main generalisir buat simpul subjektif ttg agama kalo bahas isu kaya gitu harus ajar konteks masalah detil tiap individu orng agama berbeda2 latar belakang dgn senjang sosial ekonomi masing2 micu karakter belum jalan dg agama pakai agama dg cara salah jadi pribadi machievalic konsep keagamaanya harus ajar komprehensif kapasitas harus niat karen armstrong ajar kaji agama2 bukan asal judge kompilasi jadiin joke orng agama respon joke bejat ateis dlm machievalism dimana2 masuk sistem ekonomi masih pake motto darwin nyebabin senjang sosial banyak denial lagimending mamat alkatiri bintang emon konte jelas edukasi lawan masayaarakat dg oligarki kebijakan2 politik harus sadar rugi rakyatbuat ngimbangin agresif buzzer sampe emon di fitnah pake narkoba segala,"The gimmick is playing on the end of life issue using the heirs of the boomers generation in the 70s, the hippies claiming to bring a message of peace, flying slaves to be free from control, even though they are depressed with their own government in machievalic conditions, Darwin's mandate, if they want to discuss tolerance, rationality, even if in a joke, they should not just generalize to make a subjective point. religion, if we discuss such a rich issue, we must teach the context of the problem, the details of each religious person, different backgrounds, socio-economic differences, triggering character, not working with religion, using religion in the wrong way, becoming a machievalic person, the concept of religion must be taught comprehensively, the capacity must be intention, Karen Armstrong, teach the study of religion it's not the origin of the compilation judge to be a joke of a religious person, the response to the joke is a depraved atheist in machievalism, where those who enter the economic system still use Darwin's motto because of the social gap, there are many denials, mending mamat alkatiri bintang emon, it is clear that education is against the people, with the oligarchy, the political policies must be aware of the loss of the people, to balance the aggressiveness of the buzzer until emon slandered by using drugs"
cok istighfar ga sih,Why don't you forgive?
sori bilang nyagua udh pakai earphone 6jt nih,Sorry to say I'm already using 6 million earphones
tetep full senyum,still full of smiles
relasi,relation
berani kritik laku kdaritharus berani kritik laku lgbt amp pemakaipengedar narkobajadi muslim jangan setengah2,"Dare to criticize your behavior rather than having to dare to criticize the behavior of LGBT people and drug dealers, so don't be half-hearted Muslims"
relasi,relation
eh,eh
umum in sayaa allah bayu ada usaha kosan 20 pintu rawa jaya dkat kmpus uin palembang tmpt tmpt strategis,"General information, God bless you, there is a boarding business, 20 gates, swamp, Jaya, near the Palembang uin campus, strategic location"
kapan kena cok,when will it hit?
waaw lord kembali senang hati hhe,wow lord I'm happy again hhe
coba undang anak alm freedi budiman,Try inviting the late Freddy Budiman's son
bangga pake narkoba konten bodoh,proud to use drugs stupid content
konten bodoh,stupid content
baperan,tired
chuakszz,chuakszz
cok g ngetweet soal tragedy kanjuruhan nunggu in,why don't you tweet about the Kanjuruhan tragedy?
cok pardede siapa,Who's Pardede?
baru keluar goa banyak nonton youtube biru si pastes gatau cok,"Just got out of the cave, I watched a lot of blue YouTube, but I didn't know"
buta map,map blind
anjay si homosi najis,Anjay the unclean homosexual
ga ngaruh mahmalah neng di katain kek gitu,"It doesn't matter, even though it's said like that"
malah bocilquot sembah yang panas 2had di hina,even bocilquot the hot prayer 2had is despised
emng yang nyembah cok,people who worship cok
kapan nih paman cok temuin tretan,When is Uncle Coki Tretan's friend?
buat abang cok sekarang banyak bahan tepi jurang nih indo ayo hajarrr,for brother cok now there are many materials on the edge of the abyss indo let's go hajarrr
akhir comeback woyyy wkwk,end of comeback wow hahaha
nih orang beberapa taun juga relevan tar tauk2 nongol jadi orang alim tarohan sama gw wkwkwk,"Here are people who have been with me for a few years and are also relevant, so I bet you are a pious person"
gw sadar gw pernah ketemu cok bca kemang dia belah gw pake topi batman anjir gw ga sadar kalo cok,"I'm aware that I've met Cok, BCA, he's split, I'm wearing a Batman Anjir hat, I didn't realize that Cok"
betul akset kat apa laku auto hambar cara gw pribadi hadap dampakx gw pilih diam rumah sendiri kontak gw ganti sampe teman gw masih main di mantan dunia gw tdk hantu ku tpi gw tetap gaul tpi pilih orang orang beda kalo gw dpat orang sama gw pilih cepat pulang rumah aj,"It's true, what do you say, the assets are selling automatically, my personal way of dealing with the impact is that I choose to stay at home alone, my contacts change until my friends still play in my ex's world, I'm not a ghost, but I'm still social, but I choose different people. If I meet the same person, I'll choose to go home quickly. just home"
kata bukan cok aslipmn udh mati pas penjara,"That's not what the original word said, but he died in prison"
sicepat meja terus tempat bangkrut ruko banyak ttup pun admin finance di lengser parah2,"The desk went straight to the place of bankruptcy of many shops, but even the finance admin was seriously removed"
kalimantan lancar jawa kalimantan cuman 2hari udh tangan dsni cacat anteraja sminggu baru sampe,"Kalimantan smooth, Java, Kalimantan, only 2 days, already in my hands, defective, anteraja, just arrived last week"
awowkwowko comika homo,awowkowko comika homo
welcome bang cok,welcome bang cok
rasa 1 thn,I think 1 year
cok tangkap cuman aja,just catch it
ah ded lo s1 psikiatri kan,ah ded lo s1 psikiatri kan
cok tau kalau label botol le mineral hadap camera makanya puterpas selesai minum chhaaaaaaaaxxx,"cok know if the label of the mineral bottle is facing the camera, that's why the puterpas finished drinking chhaaaaaaaaaxxx"
mungkin tim kasitau,maybe the Kastau team
ni orang kok ga malu kek bangga gitu loh masuk penjaraa udahlah ngasih contoh ga bene buat anak anak emosi labilseakan ga sesal sama sekalitolonglah manusia ini jangan lagi sosial media,"Why aren't these people ashamed of being so proud? Go to jail, set an example, don't make your children emotionally unstable, as if they don't have any regrets, please, this human being, don't use social media anymore."
takut bgt klo papua lepas dari pangku ibu pertiwi,I'm really afraid that Papua will leave the bosom of the motherland
om dedy undang tokoh2 papua dong,"Uncle Dedy, invite Papuan figures, please"
ku bantu le,ku bantu le
assalamualaikum buat channel tenang spesifikasi andarioid lengkap 1 menit insayaa allah depan bakal banyak vidio editor amatir,"assalamualaikum, create a calm channel, complete Android specifications in 1 minute, God willing, in the future there will be many amateur video editors"
whyyy ane baru lht ini,whyyy I just saw this
bjir sulap mana bukan biasa buka gembok pake titid skrg pake kunci,"Where is the magic trick? It's not common to open a lock with a titid, now with a key"
ini istidariaj,this is istidariaj
buat orang so agamais mau islam kristen sana korea utara kalo berani sebar agama sana,"for people who are so religious, they want Islam, Christianity, North Korea, if they dare to spread religion there"
pulang rehab jadi intelek,return home to rehab and become an intellectual
orang punya opini persepsi bahkan legitimasi ucap benarsalah,"People have opinions, perceptions and even the legitimacy of saying what is right or wrong"
the real anak setanw suka gaya u lanjutkansukses terus,the real devil boy likes your style continue your success
panutan gw nhi king of liberalisme,My role model is the King of Liberalism
andal gua dateng bumi lord cok,"I can trust you to come to earth, Lord"
ngtidak tinggal chuakss,"nope, chuakss"
waduh endorse dariug enak wkwwk,Wow Dariug's endorsement is delicious hahaha
haha ntidakak bgsdv,haha ntidakak bgsdv
calon lg nih,another candidate
welcome back jik tunggu musmas lebih jurang,welcome back if you're waiting for musmas more gap
chookkii isss back saaatttddd loh cok,chookkii isss back saaatttddd loh cok
teman ngool paling seru dgn dccara pikir tajaaam,the most exciting friend to chat with and sharp thinking
hhhh satir ny blarrrrrrrr love uuuuu shit,Hahah satyr nay blarrrrrrrrrrr lowe uuuuu
moga makin hibur makin blangsak,I hope it will be more fun and more fun
ayo om ded bikin cok muslim 1frame,come on uncle ded make a Muslim boy 1 frame
sok iye,Mourning Ye
benar di sampai cokitentang narkoba,It's true that Coki is talking about drugs
bang cok pantat masih dool ga,bang com butt is still a doll or not
quotmeth sabu bukan candu kerinduanquot,quot methamphetamine makes me addictive to longing quot
ramah,ramah
sih teman ragil cuma ragil ngga kampung so soan ngenginggris ragil masuk smart pipel dedi sama dia nyata undang jadi kategori standar smart pipel homo perhati kalian cuma satu tutup diri fasih bicara jadi lihat seolah2 smart padahal otak sama,"hey, Ragil's friend is just a ragil, not from the village, so I'm talking to Ragil in smart pipel, he's the same, he's the same, so he's the standard category of smart pipel homo, pay attention, you're only one, shut up, talk fluently, so you look like you're smart, even though you have the same brain"
ambil contoh ke makanancukup simpel ajagcoli,take for example the food is quite simple ajagcoli
pantesan otaklu miring terus ngomong ngaco nyata lu selalu make ya wes rusak generasi muda dah,"No wonder your brain is slanted and you keep talking stupid things, it's real, you always use it, wes, it's ruining the younger generation"
disalahin generasi muda padahal generasi belum sama aja,blamed by the younger generation even though the generation is not the same
gw senang kalau cok jelas sesuatumudah erti tarik jelas edit ketawa jahat,"I like it when something is clear, easy to understand, pull clearly, edit evil laugh"
ketawa menit 40 creepy cuyy,laugh for 40 minutes creepy cuyy
gilaaa sih sampai cok sihh yang gw suka dia,It's crazy that I really like him
kapan konten gua kangen anji,When is the content I miss Anji?
ing,ing
keren paman cok beri canda tawa komedi kualitas ke masayaarakat komedi satir keren euy,"Cool Uncle Cok, give quality comedy laughter to the community, cool satirical comedy"
moga jadi ajar hidup baik,May it be a good life lesson
neng banget cok udh keluar,I'm so excited to be out
coky,coky
fokus nomor baju 666,Focus on shirt number 666
gasuka dah gua ama,gasuka already cave
choki emang pwantat boy,Choki really is a good boy
cok pardede satu frekuensi,cok pardede one frequency
selamat cok udah bebas aku suka sama bang cok,"Congratulations, Coki is free, I like Bro Cok"
cok gay,so gay
chuaakkzzz,chuaakkzzz
gpp dikeluarin om ngisi acara kh,gpp released by om filli event kh
sisir aja edep cok biar susah cari bahan,just comb it so it's hard to find ingredients
yes agnostik,yes agnostic
jgn percaya org kacamata,Don't trust people with glasses
podcast keren,podcast keren
sebab nyabuuu pengaruh sama ucupan tindak,because nabuuu has the same influence as speech and action
cok masuk semart pipel nih soal undang pakdedi slh 1 tagline pakdedi kan quotjangan buat orang bodoh terkenalquot ye kannn,"Come on in like a piper, it's a question of Pakdedi's law, just one tagline, Pakdedi, right, quot don't make stupid people famous, kannn"
kayak org homo undang ya hahaha kalau bukan masayaarakat indonesia ragil masuk smart pipel wkwkwkwk,"It's like gay people are invited, hahaha, if it's not the Indonesian community, it's illegal to enter the smart pipe hahaha"
akhhh tidakerasa nyata uda tahun y paman cokii rehab senenggg bgttt come back,"ahhh it doesn't feel real that it's been a year since Uncle Cokii went into rehab, so happy to come back"
paman cok comeback,uncle cok comeback
tangkap bukan kata,catch not words
banyak tonton hibur apa,watch a lot of entertainment
karya ni orang,this person's work
kata cerdas bangsa,said the intelligent nation
nothing,nothing
corbuzier,corbuzier
please bang tolg dong gua ken tau logikanyaa bagus manaa,"Please bro, please help me, I want to know which logic is good"
bang temuin cok sma cak lontong,"bro, I met you and lontong"
orang mabok ajak ngomong blok,drunk people talk block
son of horus is back,son of horus is back
waw angka ny 666 wkwkwk,wow the number is 666 hahaha
jelas polisi kait gas air mata stadion kanjuruhan,it was clear that the police used tear gas at the Kanjuruhan Stadium
adiksi,addiction
boleh elak adegan gelut polisi ngegrebek bagus ga nyorot kamera ke tv fokus geledah cari barbuk,"Can you avoid the scene of the police fighting, it's good to point the camera to the TV and focus on the search for the barbuk"
kangen banget gua sama lu cuahhhhkkkkkssss,I really miss you cuahhhhkkkkkkssss
,in
close the quot door door door quot,close the quot door door door quot
beda orang agama masalah ibadah mentidaku buah kuat sang maha esa kuat mutlak tuhan agama apa bakal percaya dg kuat nah bahas kena paham ateis selalu arah suatu tak percaya rasa diri kuasa atas pilih teori akibatperbedaan ini selalu pegang orang ateis walaupun saya buah makam fase suatu ateis bisa ubah mnjadi agama bahkan tingkatny paham mode cari tuhan patut pegang orang agama buah ketentuaan taat membedakancoba renung anda ibadah orang ibadah ibadah orang ibadah waktu mungkin buat dosa jelas banding dg orang tak agama beberapa detik tak atur hakikat agama jadi leluasa maksiat atau buat dosa laku selalu buat baik sama ateis potensi tindak dosa waktu laku tak buah proses penghambaanibadah beda waktu ini buat orang agama baik belum milik agama agama apa pasti tunjuk suatu baik quotkarmaquot quot ikhtiarusahaquot quotkebaikanquot dlldi agama jelas penting untuk hidup quotadaquot quottidak adaquot setatus untuk buah saksi dunia random cipta tuhan saksi atas besar nya ini tuju hidup telah capai orang agama yang ateis selalu mensetatuskan diri kelak mati jadi quottidak adaquot orang agama rasa hidup mati ada ruh yang tempel pada jasad kelak adil mereka ateis lebih percaya tidak hidup mati pertanyaanya hidup kelak kita mati tentu orang agama benar kalo suatu kita salah tidak hidup tinggal tidak ada surga neraka kita tak rasa bersalahnamun ateis salah atas paham nyata ada hidup mati yang rugi adalah dia sendirimungkin tak jadi debat bilamana orang agama masih laku keburu quotfasiqquot karena dia adil adil dunia ini sah agama apa pasti paham saya orang agama tidak jalan pera orang yang baik dia tetap adil tetap ia dapat rewards atas pentidakuan tuhan yang maha esa,"different religious people, the problem of worship is not the fruit of the strong, the almighty, the absolute, the god of religion, what religion will you believe strongly, well, let's discuss, you have to understand atheists, there is always a direction, you don't believe, you have a sense of power, you choose a theory, the result of this difference is always held by atheists, even if I am the fruit of the grave, the phase of an atheist can change into a religion, even the level of understanding the mode of searching for God should be held by religious people, the fruit of obedience, distinguishing, try to reflect on your worship, worship, worship, worship, when you may commit a clear sin compared to non-religious people, for a few seconds, the nature of religion is not regulated, so you freely commit immorality or sin, always do it good for atheists, the potential for sin when the behavior does not bear fruit, the process of enslavement is different this time for religious people, it is good if you do not belong to a religion, what religion must show something good quotkarmaquot quot effortquot quotgoodnessquot etc. in religion it is clearly important to live quotadaquot quotthere is noquot a hundred for the fruits of the world's random witness God created a witness On top of that, this is the goal of life. Religious people who are atheists always believe that they will die later, so quot; there is no.quot; one thing is that we are wrong, we don't live, there is no heaven, hell, we don't feel guilty, but atheists are wrong because of the real understanding that there is life and death, the loser is he himself, maybe it won't be a debate when religious people still act like quotfasiqquot because he is just religion does not work like a good person, he is still just, he still gets rewards for disobeying the almighty God"
ha ha ha suka sih oolan,Ha Ha Ha Suka Sihulan
masalah cuma satu krna lu punya tuhan cok klo punya tuhan ada kata hambar krna lu nafas aja udh rasa sayaukur,"There's only one problem because you have a God. If you have a God, there are words that are insipid because you just breathe, I feel like I'm measuring it."
banyak ko atheis hidup bahagia,Many atheists live happily
keren,keren
luar duga cok,"it's unexpected, really"
dulu ketangkep narkoboy pas nonton pornografi kan yahaku ga kenalentah narasumber kalau gin gin netizen sukasemoga netizen yang liat ambil positif aja,"In the past, I was arrested for drugs while watching pornography, right? I don't know who the source is. If gin gin netizens like it, I hope netizens who see it will take it positively."
cok ajar tidak jajah stereotipe netizen,Teach me not to obey netizen stereotypes
kalau ada idola orang rti sama aja ya gilaa wkwk,"If someone has an idol, the meaning is the same, that's crazy, hahaha"
banyak fansnya mungkin agnostik atheis kristen,"many of his fans may be agnostic, atheist, Christian"
anjirr baju 666 wkwkwk,anjirr clothes 666 hahaha
jimmy,jimmy
somasi rendah depan cok pardede,Somasi low in front of Cok Pardede
dulu gt pikir uda islam tp nyari2 ada tuhan alami kurang 9tahun lalu waktu stm skrg uda dewasa makin dewasa makin rasa hadir tuhan banyak sekali alami baik senang susah tidak kira logika akhir beri baik saya situ saya 100 baru yakin keberdaan tuhankedua statemen choky rasa skrg karirnya puncak itu sangat lemah skali akan saksi bersama2 ujung gimana semua akan ke masing2 individu sperti yang sudah kata sendiri yakin hukum karma,"I used to think I was already a Muslim but I was looking for a natural God, less than 9 years ago, now I'm an adult, I'm getting older, I'm getting more and more of a feeling of God's presence, lots of natural things, good, happy, hard, no matter what, the final logic, give me a good one, I'm 100 times convinced of the existence of God, both of Choky's statements, I think now my career is at the peak It's very weak to see the two ends together, but it all comes down to each individual, as has been said by himself, he believes in the law of karma."
fans leslar kok sini nonton dangdut aja sana,Leslar fans here just watch dangdut there
hallo,hallo
btw si cok ga tempat indoneseia ingat sila 1 tuhan maha esa orangorang ga percaya tuhan haram injak tanah indonesia,"BTW, why don't you take a place in Indonesia, remember the 1st principle, God is Almighty, people who don't believe in God are haram for stepping on Indonesian land."
thx master udah ngundang orang hebat,thx master for inviting great people
mantap joke pinggir jurang resiko,solid joke on the edge of the risk gap
tamu bobot tinggi reza,Reza's high weight guest
manusia baik jiwakuthanks,"good soul man, thanks"
kasihan,pity
top om deddi,top uncle deddi
cok masuk bui anjir materi anj isi,It's okay to go into prison and fill the material
lihat cara ngomongnya aktifapa coky masihmmmmahhh mungkin hanya ilusi saja,"Look at the way he speaks actively, is Coky still mmhh maybe it's just an illusion"
nomor tahan keren quotnumber of the beastquot v,cool prisoner number quot number of the beast quot v
nah bgus nih barang cokimantap,"Well, this is really good, cool stuff"
tari satanic sangat rindu,satanic dance really miss
suka bawa cok lihat gampang jelas asa n pikir,I like to carry it because it's easy to see and clearly hope and think
accept the things i cannot changethe courage to change the things i canand the wisdom to know the differenceibarat dopamin kalo ml 90kalo makan 100 shabu hasil duplikat dopamin 2000 atas lambat laun dopamin duplikat kurang bahkan otak bisa hasil dopamin hal biasa buat orang depresi gimana paham rasa nagih craving ibarat lu kurung ruang beri makan lama beberapa hari ruang lu kasih liat bagai macam makan ingin keluar besar bola besbol nah bila ruang di beri minum rasa ingin keluar besar bola basket nah kalo odgpz di kurung di ruang hanya di suruh bayang rasa pertama kali guna akhir kali guna ingin keluar besar lapang voli moga bisa bantu banyak orang paham orangquot sedang pulih jalan pulih gampang dukung keren choky keep coming back,"accept the things i cannot change the courage to change the things i canand the wisdom to know the difference is like dopamine if ml 90 if you eat 100 shabu the result is duplicate dopamine 2000 over sooner or later the duplicate dopamine is less even the brain can produce dopamine it's normal for depressed people how do you understand the feeling of nagih Craving is like being locked up in a room, giving food for a long time. For a few days, the space you love looks like it's like eating. You want to go out big. A baseball. When you are given a drink, you want to go out a big basketball. Well, if you are locked up in a room, you only tell the shadow to feel the first time you use it at the end. I want to go out to the big volleyball field, I hope I can help many people, understand people, I'm recovering, I'm recovering, it's easy to support, cool, choky, keep coming back"
raka meng olok2n agama,raka makes fun of religion
cok ni sebenernya pinter cuma salah jalan aja gw,"It's actually smart, it's just the wrong way, man"
mas choky asli cerdas dy ngedariugs tp dy mampu menganalisa yang terrjadi diri hebat gw kagum,"Mas Choky is really smart in drugs but he is able to analyze what is happening himself, I'm really impressed"
om ded dikibulin cok polisi mana nangkep bisa bedain mana pornografi mana mma kalo mma jelas wasit tempat octagon,om ded dikibulin cok where the police can tell the difference between which is pornography and which is mma if mma is clearly the referee of the octagon place
dikibulin benar udah sama2 tau cuma akting blokkkk,"dikibulin is true, it's all the same, you know, it's just block acting"
soale pilih cepu sober waktu banget kata2nya ya keluar orang sprti cok pardede,"When it comes to choosing Cepu, it's really time for people like Cok Pardede to come out"
paman cok sini sungguh positive vibes wkwk,Uncle Cok here really has positive vibes haha
dedi kayak njilat ludah sendiri kata jangan kasih orang bodoh panggung,he said like licking his own spit and said don't love stage fools
cerdas sih jawab lu cok,"You're a smart answer, bro"
cokipradede gue suka kelas,cokipradede I like class
tretan muslim gada apa2nya sama cok,There's nothing wrong with Muslim treants
rawan lagi nih cok,I'm vulnerable again
bisopse apa sih nyari google katidak,"Bisopse, what's the matter with searching Google?"
rehab rokok dmn om,where do you go to cigarette rehab?
mas ingat kata abdur somasi orang suka buat kontroversi lagi main ranah agama moga dapat hidayah,"Remember what Abdur Somasi said, people like to create controversy and play in the realm of religion. May you be guided"
bukan orang cerdas 2 orang bego dukung rakyat bego hehehe,"not smart people, 2 stupid people support stupid people hehehe"
benrr o wkwkw,"That's right, hahaha"
allah kalau jadi pimpin minimal org kyj gin penjara maximal bunuh,"Allah, if you become a leader, the minimum number of people will be imprisoned, the maximum will be killed"
iya bang cerdas ente doang,"Yes, bro, you're just smart"
lu bilang,you said
gw pernah ngerasain jalan jlan slahsehingga smpat masuk 8 bulan hotel prodeo cuma nikmat saat bikin gw hilang bebas lama 8 bulan tp gw bersayaukur bangetstelah kluargw pernah ngulangin buat gw dulu lagimeskipun bnyak goda tman2 sekitar gwgw teguh sama diri gwsekarang bas tahun gw hidup bersih normal smua berkat niat sungguh2 hati gw buat kalian blum terjerumuslebih baik usah mencoba2 sekali masuk akan sulit keluar,"I once felt like I was walking the wrong way, so I was able to get into a free hotel for 8 months, it was just a pleasure when it made me lose my free time for 8 months, but I'm really thankful that my family has done this for me in the past, even though there were a lot of teasing from my friends around me. My sincere intention is that you don't fall into it, it's better if you try and get in once, it will be difficult to get out"
gue klo liat si cok bayang dosa hal jijik,"When I see the cok, it is a disgusting thing to sin"
cok jijihhhh bgt sombong cokiii sehat selalu om dedd,"Coki is so arrogant, Coki is always healthy, Uncle Deddy"
sehat selalu banyak rezeky aja buat semua,"always healthy, lots of good fortune for everyone"
dpan kamera ngerasa bebas bnget d rmh stres nyabu sendiri kamar smbil nnton pornografi cowok,"In front of the camera, I feel very free, I don't have to stress myself out in my room while watching male pornography"
sahabat bubar gara gara sabu itu laku buat orang banyak duit,friends broke up because shabu was selling and making people a lot of money
coky sengaja pake baju 666 tau angka setan background dia kristen,"Coky deliberately wears a 666 shirt, knowing the devil's number, his background is Christian"
asukk mma,good luck
daging nih oolannya,This is the ool meat
dont make stupid people famous dasar semak pipelll,don't make stupid people famous dasar sepak pipelle
gila gila gila gila gila wkwkww,crazy crazy crazy crazy crazy wkwkww
si cok semenjak keluar penjara langsung dadak jadi sok intelektual padahal cuma mainin main kata lagi puja hyperbola seakanakan argumen cok paling msuk akal kalo himpun tisik banyak banget nyata si cok cacat logika tiap podcast refrensi dia guna nihil cuma pikir subjektif kombinasi bahasa nuansa intelek jadi liat pintar gampang orang yang baru baca 1 2 buku bisa lihat intelektual resiko lu bakal jadi bahan olok kalau ketemu akademisi sungguh,"since he got out of prison, he suddenly became an intellectual, even though he was just playing with words, he worshiped hyperbole as if his argument made the most sense if there were a lot of silences, it was true that he was flawed in logic in every podcast, he used zero references, just thought subjectively, a combination of language, intellectual nuances, so he was smart it's easy for people who have just read 1 or 2 books to be able to see intellectuals, the risk is that you will become a mockery if you meet a real academic"
iy bang,yeah bro
orang cuma nikmat dark comedy cok after that mau si cok ketangkep mau ngapain y terserh,people just enjoy dark comedy cok after that what do you want the cok to do?
main film miracle cell 7 tuh,Play the film Miracle Cell 7
welcome to the darkness lord cok pardede,welcome to the darkness lord cok pardede
paman satu ketangkep benar dalam karakter,Uncle One Ketangkep is true in character
quotgw tangkap bukan krn cepu tp krn gw langgar hukumquot sumpah gentle bet mnyadari sgguh kslhan tnpa mmyalahkan org,"quot I was arrested not because I was drunk, but because I broke the law"
komen quotkok kasih panggungquot quotsangat mengedukasiquot dllx000dmungkin adalah salah satu sebut paman cok menit melulu dapat positifx000dterkadang hal negatif beri ajar impactnya luar biasa,"comment ""why do you give me a stage"" ""very educational"" etc."
kalao sperti msg tu adiksi,"If it's like the message, it's an addiction"
zulumat is kam bek,Zuumat is comb beak
rehab bukan sehat malah farming materi,"Rehab isn't healthy, it's farming for materials"
inspirasi sekali boss bagus pas tamu aldi taher cocok konsumsi smart people,"Very inspiring boss, good fit for Aldi Taher guests, suitable for consumption by smart people"
less judging respect ga terlalu banyak nyinyirin orang lumayan lah ubah,"less judging respect, not insulting people too much, it's quite a change"
welcome back cok,welcome back cok
alepyu bang cokk,alepyu bro bro
ytta bagi mma yangy,ytta for mma yangy
,in
paman cok,uncle cok
welcome back cok,welcome back cok
cok gua tunggu bandung,I'm waiting for Bandung
ketawa bengek,laugh out loud
,in
hukum indo untuk rakyat bawah karna rehab butuh dana extra,Indonesian law is for the lower class because rehabilitation requires extra funds
gue aku public speaking cok si is another level cara penyampaianya lihat banget kalo emang good public speaking,"I'm a public speaker, but that's another level in the way I convey it. See if I'm really good at public speaking"
quotdont make stupid people famousquot kan dulu,quote don't make stupid people famous quote kan dulu
pemuda sesat,misguided youth
ngool ny template bgt dulu gitu2 aja di bahas,ngool ny template is just discussed
bod0 am4t ama kasus nark0b4 paman penting sudah comback gw dah neng bangetgw kangen dark jokes anda pak choki,"bod0 am4t or the nark0b4 case, uncle important has come back, I've really missed your dark jokes, Mr. Choki"
cok publik speakingnya atas rata2 sih,How come his public speaking is above average?
gw paham bener maksud coky om dedi kemanakesimpulan menit ahahha tidak kalau sukses tidak menang menang di usiaupsss sindir buat kuasa ambisi tidak bobot otak upsss sudah dendam kuasa,"I really understand what Coki Uncle Dedi means, where is the conclusion of the minute hahaha no, if you are successful, you won't win at your age.oopsss sarcasm for power, ambition doesn't have the weight of the brain, upsss, I already have a grudge against power"
emang orang suka burit gay pakek narkoba kok jadi nara sumber bilang lawak gk lucu lucu main komedi tv lawak tpi ampir sama hina agama orang agnostik agnostik apaaan orang idiot lah klau orang idiot jngan kasi panggung klau cuan,"Yes, people like gay butts who use drugs, why is it that the source says it's funny, it's not funny, it's funny, it's funny, it's almost as insulting to the religion of agnostic people, agnostic people, what are idiots, if idiots don't give money to the stage"
kalo ga suka mending ga usah nonton ga perlu dateng quotpanggungquot vlu naro comment ngeklik video sama anda ikut dalam riah quotpanggungquotnya lol,"If you don't like it, it's better not to watch it, you don't need to come to ""panggungquot"""
generasi kolot masih anggap komedi baik di tv,The old-fashioned generation still thinks comedy is good on TV
say no narkoba say yes hidup bahagia,say no drugs say yes live happily
mantap,solid
